Title,Author,Format-Year
Real-World Spanish: The Conversation Learning System,Camila Vega Rivera,"Real-World Spanish: The Conversation Learning System, eAudiobook"
Learning Spanish-beginner I,"Iris Acevedo A.; Spanishonline, Costarica","Learning Spanish-beginner I, eBook"
100 Facts About Learning Spanish,Science-Based Language Learning Lab,"100 Facts About Learning Spanish, eAudiobook"
100 Facts About Learning Spanish,Science-Based Language Learning Lab,"100 Facts About Learning Spanish, eBook"
A Beginner's Guide to Learning Spanish,"Miller, Jackson","A Beginner's Guide to Learning Spanish, eAudiobook"
No Tears Spanish Grammar: Easy Learning: Essential Rules for Beginners,"Bennett, Olivia","No Tears Spanish Grammar: Easy Learning: Essential Rules for Beginners, eBook"
The Ultimate Learning Spanish Blueprint - 10 Essential Steps,"Ramirez, Andres","The Ultimate Learning Spanish Blueprint - 10 Essential Steps, eBook"
Guess What Baby J Is Learning? 123's Spanish,"Sharif, Mboya","Guess What Baby J Is Learning? 123's Spanish, eBook"
Learning Spanish for Adults Beginner,"World, Spain","Learning Spanish for Adults Beginner, eBook"
Learning to Read in English and Spanish Made Easy,"Navarijo, Susie G.","Learning to Read in English and Spanish Made Easy, eBook"
Learn Spanish Like a Native for Beginners - Level 1: Learning Spanish in Your Car Has Never Been Eas,Learn Like a Native,"Learn Spanish Like a Native for Beginners - Level 1: Learning Spanish in Your Car Has Never Been Eas, eBook"
Spanish for Beginners: A Comprehensive Guide for Learning the Spanish Language Fast,Language Equipped Travelers,"Spanish for Beginners: A Comprehensive Guide for Learning the Spanish Language Fast, eBook"
Learn Spanish Like a Native for Beginners - Level 2: Learning Spanish in Your Car Has Never Been Eas,Learn Like a Native,"Learn Spanish Like a Native for Beginners - Level 2: Learning Spanish in Your Car Has Never Been Eas, eBook"
"Spanish: Beginner's Step by Step Course to Quickly Learning the Spanish Language, Spanish Grammar &","Michaels, Steven J.","Spanish: Beginner's Step by Step Course to Quickly Learning the Spanish Language, Spanish Grammar &, eBook"
I'm Learning Spanish,"Gardner, James M.","I'm Learning Spanish, eAudiobook"
I am learning Spanish,"Gardner, James M.","I am learning Spanish, eAudiobook"
The Best Spanish Learning Games for Children,"Professor, Baby","The Best Spanish Learning Games for Children, eBook"
Easy Learning Spanish Vocabulary,"Dictionaries, Collins","Easy Learning Spanish Vocabulary, eBook"
Easy Learning Spanish Grammar: Trusted support for learning,Various Authors,"Easy Learning Spanish Grammar: Trusted support for learning, eBook"
Easy Learning Spanish Verbs,Various Authors,"Easy Learning Spanish Verbs, eBook"
